,name,stars
0,withspectrum/spectrum,10745
1,nhost/nhost,6725
2,ashutosh1919/masterPortfolio,2564
3,Canner/cannercms,2430
4,datopian/portaljs,2069
5,liferay/liferay-portal,1978
6,42atomys/stud42,877
7,guidone/node-red-contrib-chatbot,860
8,replicatedhq/kots,820
9,SaraVieira/awesome-talks,812
10,saleor/saleor-storefront,773
11,aerogear/offix,769
12,aws-samples/lambda-refarch-imagerecognition,662
13,OriginProtocol/origin,649
14,AztecProtocol/aztec-v1,620
15,eea-oasis/baseline,568
16,apollographql/reason-apollo,556
17,grand-stack/grand-stack-starter,501
18,Shopify/shopify-demo-app-node-react,444
19,aragon/aragon-apps,382
20,manikandanraji/twitter-clone-frontend,367
21,functionless/functionless,319
22,stealthdrop/stealthdrop,319
23,apollographql/apollo-link-persisted-queries,305
24,FormidableLabs/seattlejsconf-app,304
25,Shopify/product-reviews-sample-app,300
26,hiroppy/ssr-sample,287
27,Epistimio/orion,261
28,stackrole/gatsby-starter-foundation,260
29,bandprotocol/bandchain,227
30,shoutem/extensions,223
31,adieuadieu/retinal,219
32,Ninjas-Code-official/Enatega-Restaurant-Solution,200
33,hasura/json2graphql,199
34,nhn/toast-ui.vue-calendar,197
35,nervosnetwork/muta,172
36,awslabs/aws-dataall,161
37,tokopedia/treats,160
38,hasura/client-side-graphql,145
39,Uniswap/org-v1,144
40,alytrics/yaba-social,132
41,4GeeksAcademy/Templates-Boilerplates,129
42,delucis/astro-netlify-cms,122
43,SalesforceCommerceCloud/sfcc-sample-apps,117
44,katopz/react-apollo-graphql-github-example,116
45,grand-stack/graphql-auth-directives,114
46,LFSCamargo/Chatify,112
47,docker-hy/docker-hy.github.io,111
48,18F/handbook,107
49,0xHexE/keycloak-hasura-connector,105
50,gil--/gatsby-starter-shopify-app,104
51,gil--/gatsby-starter-shopifypwa,102
52,infrastructure-components/infrastructure-components,101
53,starknet-io/starknet-website,101
54,DidoMarchet/starter-kit-nuxt-locomotive-scroll,100
55,System-Glitch/Solidity-IDE,92
56,Uniswap/api-deprecated,86
57,aws-samples/aws-builders-fair-projects,83
58,BuidlGuidl/abi.ninja,83
59,realm/realm-graphql,81
60,henry40408/awesome-stars,80
61,strues/boldr,78
62,lumen-cms/lumen-cms,78
63,denniske/aoe2companion,76
64,Ninjas-Code-official/Marketplace-Food-Delivery-Solution,72
65,Bayer-Group/ol-kit,71
66,monopayments/iban.im,66
67,strapi/strapi-starter-angular-blog,65
68,javamonn/sunspot,64
69,xilibi2003/training_camp_2,62
70,kubernetes-hy/kubernetes-hy.github.io,62
71,m-rgba/hasura-django-starter,61
72,vgrafe/nextjs-auth0-hasura,61
73,hygraph/example_01_nextjs_apollo,59
74,nerdify/db-schema-diagram,58
75,aws-amplify/amplify-category-api,58
76,SashenJayathilaka/Unique-Project-Ideas,57
77,briancaffey/django-postgres-vue-gitlab-ecs,56
78,gitcoinco/passport-sdk,56
79,IndexCoop/index-ui,56
80,arkhn/pyrog,53
81,rigelprotocol/SmartswapDappV2,53
82,nikgraf/graphql-apollo-client-course,53
83,aerogear/datasync-voyager,52
84,aws-amplify/amplify-codegen,52
85,nhn/toast-ui.vue-chart,52
86,chaoss/grimoirelab-sortinghat,51
87,launchscout/graphql-admin-react,51
88,usecannon/cannon,51
89,graphile/bootstrap-react-apollo,50
90,dotansimha/graphql-code-generator-community,49
91,AISHU-Technology/kweaver,47
92,delegatable/MobyMask,47
93,keystonejs/keystone-jamstack-plus,46
94,coderplanets/coderplanets_admin,45
95,abhi40308/instagram-clone,45
96,kyma-project/console,45
97,simarmannsingh/gatsby-netlifycms-modern-blog,44
98,republik/plattform,44
99,pangolindex/pangolin.exchange,43
100,contentful/template-marketing-webapp-nextjs,43
101,rossmc/how-to-venia,42
102,udacity/live-codings-react-nanodegree,42
103,perpetual-protocol/perp-curie-arbitrageur,42
104,Shopify/shopify-marketplaces-buyer-app,41
105,redochka/nextjs-shopify-app-no-custom-server,41
106,openline-ai/openline-customer-os,40
107,CaptainFact/captain-fact-extension,39
108,FormidableLabs/graphql-typescript-blog,39
109,orangeloops/public-ol-native-template,38
110,theogravity/graphql-apollo-server-client-example,38
111,nayms/contracts-v2,37
112,vendure-ecommerce/gatsby-storefront,37
113,philbir/magic-media,37
114,open-condo-software/condo,37
115,Fernanda-Kipper/challenge-frontend,36
116,craigmulligan/clementine,36
117,jk-labs-inc/jokerace,36
118,ChorusOne/anthem,35
119,EddiG/ssr-cra-graphql,35
120,stevenpslade/scaffold-eth-tailwind,35
121,AztecProtocol/aztec-v1-loan-dapp,34
122,Atom-Learning/components,34
123,Project-Gutenberg/Pincong-data,34
124,cloud-gov/pages-uswds-gatsby,34
125,platelet-app/platelet,34
126,atbcb/ICTTestingBaseline,34
127,Evavic44/rocketmeme,33
128,spawnfest/elixirbench,33
129,Vikash-8090-Yadav/SaL--dApp,32
130,dstrekelj/algebra-front-end-developer-course-workbook,32
131,paritytech/Nomidot,32
132,ThatConference/that-website,31
133,29ki/29k,31
134,deliteser112/meteor-starter-kit,31
135,COS-301/graduates,31
136,tweag/nix-hour,30
137,xuwaters/editor.sh,30
138,Yolk-HQ/next-utils,30
139,paritytech/polkassembly,30
140,mathculthello/savva3,29
141,orangeloops/public-ol-web-template,29
142,sangheili868/StarWars5e.Site,29
143,SaTT-Wallet/Backend,29
144,muratkeremozcan/books,28
145,dfuse-io/docs,28
146,webiny/write-with-webiny,28
147,perspect3vism/ad4m,28
148,usecannon/cannon-legacy,28
149,DocNow/catalog,28
150,egoist/list.egoist.sh,28
151,zendesk/volunteer_portal,27
152,mozilla-iam/dino-park-front-end,27
153,datagrok-ai/public,26
154,tfabritius/pr,26
155,atomist/org-visualizer,25
156,heejongahn/blog,25
157,zzy/actix-graphql-react,25
158,scaffold-eth/punk-wallet,25
159,Zenysis/Harmony,25
160,WWCodeTokyo/speak-her-db,25
161,bgoonz/awesome-4-new-developers,25
162,WestpacGEL/GEL,25
163,lcfr-eth/FlashbotsBundlerUI,24
164,robertrouse/theographic-web,24
165,Vrishtrix/fullstack-ts-boilerplate,24
166,d-513/npm-all-packages,24
167,kata-containers/www.katacontainers.io,24
168,mrdulin/apollo-graphql-tutorial,23
169,kalwalt/gatsby-starter-i18n-bulma,23
170,p1ass/graphql-redis-realtime-chat,23
171,DAB0mB/HotnCold,23
172,VitorLuizC/dev-demands,23
173,automatica-core/automatica,22
174,awslabs/amplify-graphql-seed-plugin,22
175,pixeljar/local-addon-xdebug-vscode,21
176,perpetual-protocol/perp-maker,21
177,UOA-CS732-SE750-Students-2022/project-group-magenta-mice,21
178,KATT/graphql-workshop,21
179,NoQuarterTeam/split,21
180,mahendrasaikumargandham/portfolio,21
181,iTwin/viewer,20
182,contentful/the-example-app.graphql.js,20
183,licensebat/licensebat,20
184,launchscout/graphql-admin,20
185,Project-Gutenberg/nCovMemory-Web,20
186,devondragon/SpringShopifyAppFramework,20
187,clean-commit/gatsby-starter-henlo,20
188,Polygon-Academy/basicnfts,20
189,phamhongphuc/uit.hotel,19
190,Colm3na/polkastats-v3,19
191,uw-labs/flaggio,19
192,atomist/cli,19
193,moonshotcollective/drecruit,19
194,3perf/website,19
195,rage/ohjelmointi-19,18
196,ocftw/open-star-ter-village,18
197,HausDAO/daohaus-web,18
198,getflywheel/local-addon-atlas,18
199,ericsdevblog/django-vue-starter-blog,18
200,imodeljs/frontend-sample-showcase,17
201,anirudhvs/pragyan-ctf-22,17
202,broxus/ton-dex,17
203,ictsc/ictsc-score-server,17
204,yinMrsir/typescript-admin,17
205,CityOfBoston/digital,17
206,hyd628/delegation-dao-demo,17
207,brave/ads-ui,17
208,Popcorn-moe/Web,16
209,SwissLife-OSS/IdOps,16
210,councilofelders/numerbay,16
211,agiledev0115/meteor-boilerplate,16
212,renproject/command-center,16
213,orbiting/publikator-frontend,16
214,thomaswangio/react-producthunt,16
215,wani-hackase/wanictf21spring-writeup,16
216,libero/reviewer-submission,15
217,aerogear/graphql-testx,15
218,SwissLife-OSS/Boost,15
219,TopSpeed1017/spiritswap-frontend,15
220,BestCryptoKnight/react-admin-with-material-ui-next,15
221,atomist/sdm-pack-aspect,15
222,skovy/graphql-blog-client,15
223,terryyyz/CodeBaseFrontendReactjs,15
224,feedadoc/feedadoc,15
225,aws-samples/aws-appsync-presence-api,15
226,hashicorp/learn-terraform-preview-environment,15
227,Yash621/meta-meet,15
228,naji0329/test-nft-project,15
229,department-stockholm/apollo-component,14
230,bloxapp/awesome-ssv,14
231,HappyDream0317/impermax-x-uniswap-v2-interface,14
232,HappyDream0317/Microservices-GrowLabs,14
233,HappyDream0317/self-serve-mint,14
234,reservoirprotocol/seaport-oracle,14
235,Laravel-VPN-Admin/api-core,14
236,karimould/minimal-multi-language-gatsby-starter-netlify-cms,14
237,getflywheel/local-addon-notes,14
238,getflywheel/local-addon-image-optimizer,14
239,deliteser112/idie-device-rolls,14
240,imodeljs/itwin-viewer,14
241,dong-dohai/serverless-content-encoding,14
242,thestuntcoder/europratsya,14
243,mgx5kw/MistyDAO,14
244,dm-drogeriemarkt/lisa,14
245,danielwii/asuna-admin,13
246,chainsauce-org/chainsauce,13
247,DoBestMan/Bondswap-backend,13
248,RyanCCollins/ryancollinsio,13
249,Akord-com/akord-js,13
250,nguyentung9820/DEX,13
251,Meeovi/Collaborrate,13
252,stevenpslade/maas,13
253,deliteser112/meteor-boiler-plate-app,13
254,ssteiger/minimal-dao,13
255,0xTranqui/lostandfound-zora-marketplace,13
256,bhargavaparoksham/scaffold-eth-lens-starter-kit,13
257,bcgov/digital.gov.bc.ca,13
258,yamapyblack/CryptoFrontier,13
259,alibaba-archive/serverless,12
260,kyma-incubator/varkes,12
261,samarjaffal/wuptick-frontend,12
262,Vandivier/devfit,12
263,DoBestMan/PrepDD,12
264,h-REA/holo-rea-proto,12
265,getflywheel/local-addon-boilerplate,12
266,malgamves/GameOfCharts,12
267,bgoonz/React_Notes_V3,12
268,Jckhe/playBoards-ts,12
269,setsun/react-koa-universal,12
270,cid-harvard/growth-lab-app-front-end,12
271,parity-asia/hackathon-2022-summer,12
272,shafayeatsumit/rugged-multisig,12
273,ruleslabs/interface,12
274,oumoussa98/leeters,12
275,impactasaurus/app,12
276,ziggy6792/cdk-monorepo-example-backend,12
277,newsguildny/nytimesguild.org,12
278,sumit-mahajan/generative-nft-interface,12
279,wslyvh/buidl-explorer,11
280,tomrutgers/middleman-webpack-netlify-cms,11
281,impactMarket/mobile-app,11
282,DoBestMan/spectrum,11
283,sazzer/pusher-mud,11
284,Open-NC/reentry-resources-hub,11
285,aws-samples/realtime-slot-car-racing-with-aws-amplify-aws-iot-core-and-amazon-kinesis-video-streams,11
286,aaronksaunders/amplify-remix-todos-1,11
287,wednesday-solutions/react-graphql-ts-template,11
288,collinsmuriuki/covid-19-monitor,11
289,DeltaPrimeLabs/deltaprime-primeloans,11
290,heyrict/cindy-realtime,11
291,tylim88/Create-Prisma-App,11
292,zapkub/cu-vivid-museum-wiki,11
293,Shopify/fulfillment-order-sample-app,11
294,treejer/web,11
295,SkyCaptainess/Shopify-nextjs,10
296,mrdulin/react-apollo-graphql-starter-kit,10
297,crewnew-git/sveltekit-hasura-docker,10
298,Russell1130/decentral-staking,10
299,mwhorse46/uoona,10
300,CoCo-27/-nextjs-graphql-adminpanel,10
301,Superdev0103/react-graph-demo,10
302,nativesintech/native-owned-businesses,10
303,WorkingFamilies/Spoke_legacy,10
304,getflywheel/local-addon-xdebug-phpstorm,10
305,DanieleSalatti/gitcoin-grants-conviction,10
306,marian2js/finsharing,10
307,OtterClam/otter-frontend,10
308,atomist/uhura,10
309,aciura/Solidity-Marketplace-Dapp,10
310,michey85/apollo-qql-todos,10
311,austintgriffith/banana-auction,10
312,amclin/react-project-boilerplate,10
313,BlockedTODO/BlockedTODO,10
314,0xTranqui/lostandfound-optimism-marketplace,10
315,deliteser112/meteor-graphql-react-device,10
316,bedwarsify/bedwarsify-overlay,10
317,dtan4/ec2-event-slack-notifier,10
318,getflywheel/local-addon-instant-reload,10
319,snipcart/Strapi-Nuxt-Snipcart,10
320,stvkoch/graphqlizejs,10
321,ruoduan-hub/my-Gatsby-Blog,10
322,StarlingXWeb/starlingx-website,10
323,my-lambda-projects/Lambda,10
324,newjersey/navigator.business.nj.gov,10
325,rage/ohjelmointi-20,9
326,pmbanugo/graphql-angular-intro,9
327,VitroidFPV/VitroidFPV,9
328,Zilliqa/devex,9
329,BlossomLabs/osmotic-funding,9
330,PrefectHQ/memory-graphql,9
331,dan2dev/DefinitelyTyped,9
332,holochain-open-dev/social-triangulation,9
333,Jarred-Sumner/yeet,9
334,PolymerLabs/project-health,9
335,DekodeInteraktiv/localwp-projectbase-addon,9
336,uq-its-ss/design-system,9
337,dukedaily/subgraph-demo-dapp,9
338,spokestack/node-spokestack,9
339,amenabe22/chewata,9
340,Aakashdeveloper/july_react_eveng_22,9
341,PabloSzx/graphql-tag-ts,9
342,Troplo/Colubrina,9
343,hacknlove/onGet,9
344,meabed/gqlts,9
345,getflywheel/local-addon-backups,9
346,lupas/vuetify-i18n-language-switcher-nuxt,9
347,centrifuge/tinlake-ui,9
348,dferber90/lovely-webapp,9
349,netlify/netlify-dev-gatsby-fauna-demo,9
350,haticekatranci/one-click-hugo-cms,9
351,broxus/ever-wever,9
352,bgoonz/UsefulResourceRepo2.0,9
353,bringauto/fleet,9
354,shapeblue/cloudstack,9
355,sergioramos/react-apollo-local-values,9
356,Rebilly/rebilly-recomponents,8
357,aerogear/aerogear-js-sdk,8
358,SWS-5007/Devcore_Frontend_Vue,8
359,rage/programming-23,8
360,whitehorse21/Vehicle,8
361,vanelk/miru-anime,8
362,mdhafiz/PickBazar,8
363,0xCryptoAngel/CluckyChicks_NFT_App,8
364,TeaPartyCrypto/Tea,8
365,reactioncommerce/reaction-identity,8
366,midianinja/som-web,8
367,reiwa/swimmy-web-legacy-v1,8
368,alufers/biedaprint,8
369,interplanetaryfonts/interplanetaryfonts.xyz,8
370,davidsneighbour/kollitsch.dev,8
371,SiegeEngineers/aocrecs.com,8
372,imperviousai/imp-daemon,8
373,Hizuraky/shiftmaker,8
374,a11yphant/a11yphant,8
375,ralberth/quizshow,8
376,BritnessDev/BluePort,8
377,ppkehl/pedrokehl-2022,8
378,opencollective/foundation-website,8
379,mrozilla/mrozilla.cz,8
380,hygraph/graphcms-event-app-demo,8
381,jkupcho/graphql-talk,8
382,input-output-hk/smart-contract-backend,8
383,y13i/cfn-staticweb-example,8
384,cloud-gov/pages-uswds-11ty,8
385,NetSepio/ChromiumExtension,8
386,pontus-dev/multi-sig,8
387,rabbotio/minemark,8
388,davision/nuxt-graphql-drupal-blog,8
389,D1plo1d/graphql-things,8
390,biodatlab/biodatlab.github.io,8
391,Popcorn-moe/Discord,7
392,commonknowledge/website-2019,7
393,JohnVonNeumann/opensorcery,7
394,greatWall627/chatting-pro,7
395,marcloeb/rareskills,7
396,Kritagya-web/Kritagya_React_Portfolio,7
397,CoCo-27/vue-graphql-todos,7
398,subvisual/subvisual.com,7
399,IncredibleMaster/shopify-webhook,7
400,codilime/mobx-in-react-scalable-state-management,7
401,nature613/do-ws-2016-app,7
402,nfactorial-incubator/2018-react-native,7
403,factorio-tools/blueprints-database,7
404,PeterKneale/micro,7
405,PREreview/PREreview-2,7
406,mern-dev-pro/SmartKanvas_Angular_Dashboard,7
407,anontown/anontown,7
408,18F/imls-pi-stack,7
409,shikhar360/MyLearnings,7
410,andrewbrey/console.blog,7
411,Anime1026/trisolaris-interface,7
412,Suyeon-B/Nolmungshimung,7
413,namtrt/vuejs-graphql-demo,7
414,jigarvakil/MyMasterPortFolio,7
415,pa001024/genshin-mirror,7
416,InfiniteAengus/simple-wallet,7
417,BuidlGuidl/scaffold-eth-for-codespaces,7
418,elct9620/FiveFood,7
419,vecnazmaga/place-management,7
420,kdbvier/fantohm-frontend,7
421,Surprise080504/CerberusApp,7
422,Shinigami92/star-citizen-trade-market-frontend,7
423,aaronmcadam/deathwish,7
424,jswildcards/logicall,7
425,sophiabrandt/reason-nextjs,7
426,naver/nextjs-boilerplate,7
427,usagov/Sandbox,7
428,vitormetzner-LM/my-account-custom,7
429,nuronbeck/timesheets-quasar,7
430,everscale-actions/ton-client-blazor,7
431,indexed-finance/indexed-interface,7
432,Ysrbolles/Portfolio,7
433,unstoppabledomains/MyEtherWallet,7
434,BGOOONZ-BLOG/JAMSTACK-TEMPLATES,7
435,ngshiheng/covid19-graphql-api,7
436,anton-z-s/linext,7
437,hajoeun/blog,7
438,metosin/oksa,6
439,aerogear/modern-appdev-workshop,6
440,Renascentinc/retina,6
441,RianTavares/pokedex,6
442,grassrootseconomics/Accdash,6
443,zetavg/Feedify,6
444,bump44/rf-online-gs-editor,6
445,paghar/IssueListGraphQL,6
446,Aakashdeveloper/feb_react_mrng_23,6
447,gracious-tech/track,6
448,Cosmos-Devs/Cosmos-old,6
449,concord-consortium/collaborative-learning,6
450,croco-finance/frontend-v3,6
451,rimijoker/Social-Media-App,6
452,faahmad/retro,6
453,ISPP-G10/flatter,6
454,muratkeremozcan/appsyncmasterclass-backend,6
455,CovHack/CovHack2020,6
456,gerkai/react-native-examples,6
457,rlawnsxo131/devlog-client,6
458,venancioavila/action,6
459,wdmartins/pi-robot-car,6
460,unlock-protocol/scaffold-eth-unlock,6
461,instamobile/react-native-aws,6
462,jewelas/fastswap-swap-interface,6
463,orangeloops/public-phoenix-web,6
464,TopDeveloper705/apollo-client,6
465,qiujun8023/gallery-client,6
466,michaelhly/0x-exchange-events,6
467,praveenweb/react-admin-hasura-example,6
468,urmybestfriend/nextjs-shopify-app,6
469,Aakashdeveloper/oct_react_eveng_22,6
470,orbiting/republik-admin-frontend,6
471,1Hive/about-1hive,6
472,automatica-core/automatica.core,6
473,NounsDAO-JAPAN/nouns-amidakuji-game,6
474,h3lpkey/fibber,6
475,mattjennings/apollo-link-pouch,6
476,mIaborde/fullstack,6
477,mihailgaberov/redis-pubsub-visualized,6
478,GSA/FEDSIM_root,6
479,DSC-McMaster-U/DSC-McMaster-U-Website,6
480,descartes100/DEX-built-with-scaffold-eth,6
481,locphan87/react-native-ts,6
482,Duke-MatSci/materialsmine,6
483,sripwoud/airChain,6
484,simplemachine92/PoS-FrontEnd,6
485,Giotino/LessDestructiveFarm,6
486,vnscriptkid/system-design-practice,6
487,pangolindex/components,6
488,mohsenasadi501/GraphqlSampleApp,6
489,gustavokenzo1/SpaceX,6
490,beduExpert/Backend-con-NodeJS-2022,6
491,lucky18210/my-portfolio-template,6
492,elitedev201/Bank-app,6
493,ghmeec/Mental-Health-Therapy-2020,6
494,corner1990/dream,6
495,santteegt/gitcoin-subgraph,6
496,y13i/cognito-rbac-demo,6
497,jamespurnama1/new-portfolio,6
498,tvillarete/podify,6
499,NonceGeek/Tai-Shang-Voxel-Handler,6
500,Polygon-Academy/nftmarketexample,6
501,speckleworks/speckle-website,6
502,jackmorrison12/personal-site,6
503,sinkyoungdeok/docker,6
504,broxus/everscale-yield-farming,6
505,beepsoft/hasura-bliq,6
506,Popcorn-moe/Admin,5
507,MX56893/restaurant-food-delivery-v1,5
508,AllTwinkleStars/recat,5
509,JakobJK/framethrower,5
510,mjtechworks/daohaus-web,5
511,react-cosmos/react-cosmos-classic,5
512,kpyaoqi/chaincamp,5
513,hasura/sample-apps,5
514,thisdot/blog-demos,5
515,samuelkong/liferay-portal,5
516,itering/subscan-multisig-ui,5
517,stackblitz/starters,5
518,dev-captain/land-marketplace-erc,5
519,Aeons-Team/Aeons,5
520,jinstar0112/node-red-contrib-chatbot,5
521,sumit-sharma-02/portfolio,5
522,Yassir4/InfiniteScrollApolloHooks,5
523,KassandraFinance/kassandra-application,5
524,ynifamily3/korean_unpopular_news,5
525,0xHabitat/tealgarden,5
526,binary-coffee-dev/dcs-admin-frontend,5
527,garageScript/c0d3,5
528,charnchai36/quickswap-interface,5
529,mgechev/ngcc-validation,5
530,knowit/kodekalender,5
531,govau/pay,5
532,getnacelle/nacelle-sandbox-alpha,5
533,mitchelljustin/stellar-private-payments,5
534,NoQuarterTeam/split-app,5
535,SparkEdUAB/sparked-client,5
536,surbina/playlists,5
537,delegatable/mobymask-ui,5
538,leav-solutions/leav-engine,5
539,naruhitokaide/land-martketplace-erc,5
540,learnstrapi/boilerplate,5
541,tigerony/Trisolaris-frontend,5
542,ciscord/ciscord-frontend,5
543,wnprince/template-odoo,5
544,BriightSpark/aem-community-cms,5
545,venom-blockchain/guides,5
546,Hizuraky/Hizuraky-profile,5
547,s4nt14go/white-label,5
548,trustvox/trustvox-vtex-io-plugin,5
549,systragroup/quetzal-network-editor,5
550,Roe-dToAid/roed_to_aid_fe,5
551,see-the-glory/on-you-frontend,5
552,monash-human-power/MHP-website,5
553,descartes100/clean-scaffold-eth,5
554,erxes/erxes-community,5
555,BrunoSobralDEV/final-challenge-hc,5
556,chrisnmorrison/Starter-Kit-Oak-Harbor-Gatsby,5
557,diogomoreira/diogodmoreira.com,5
558,MartinMarwad/smartsites-editor-platform,5
559,m3yevn/taxi-finder-client,5
560,moonshotcollective/id-staking,5
561,vaginessa/porn-vault,5
562,mousse-tache/gaabp,5
563,smartdev1102/ANS-Frontend,5
564,ceriverso/Meteor-apollo-stark-kit,5
565,DanieleSalatti/op-delegation,5
566,atls/serenity,5
567,dappnode/explorer,5
568,syedashar1/Hitman47-Dapp,5
569,KushibikiMashu/my-tech-blog,5
570,chunrapeepat/buildquest,5
571,yohanpro/yohanBlog,5
572,CATcher-org/WATcher,5
573,Morgoth27/pewpew_spaceman,5
574,WhiteDragon001227/land-marketplace-erc1155,5
575,sujoys10/food-at-you,5
576,Seungwoo321/cats,5
577,imane-0208/Megastore_front,5
578,tashapais/graphql-dai-display,5
579,witnet/data-feeds-explorer,5
580,cezarneaga/apollo-cra-authenticated,5
581,danstarns/neo-push,5
582,FOODy/express-webpack-boilerplate,5
583,JustShip/justship_web,5
584,decoupled/redwood-core,5
585,deep-foundation/deep-memo,5
586,pankajpatel/hapi-redux-graphql-rest,5
587,wolfdev0512/Next-boilerplate,5
588,codesandtags/blog,5
589,mixmaster10/scaffold-eth,5
590,steerc2217/Reveal_NFT-Marketplace,5
591,winter-sols/uniswap-info,5
592,gorrion-io/simply-shopify-app,5
593,dionarodrigues/diogorodrigues.dev,5
594,onecommons/unfurl-gui,5
595,umd-mith/airwaves,5
596,amplication/blog-server,5
597,Cryptogs/cryptogs-reborn,5
598,VoidCupboard/ContactBook,5
599,devind-team/dcis,4
600,byCedric/GitHub-Website-legacy,4
601,unitythemaker/blog-themaker,4
602,stem-discord/website,4
603,MX56893/restaurant-food-delivery-v2,4
604,readr-media/open-relationship,4
605,tongchengbin/ocean_manager,4
606,greatWall627/prismaEcommerce,4
607,eveisesi/neo-ui,4
608,bjerkio/stact,4
609,aerogear/offix-react-native-example,4
610,hygorchristian/Music-Player-Web,4
611,jackleslie/dydx-subgraph-frontend,4
612,robinsimonklein/mabellemort,4
613,Jahia/dx-react-starter,4
614,chrismpettyjohn/imagine-cms,4
615,aidenkoog/app-architecture,4
616,yusefnapora/nft-e2e-example,4
617,formstardev/miniadmin,4
618,louisryoung/svelte-sapper-graphql,4
619,Ninjas-Code-official/enatega-multivendor-admin,4
620,infrastructure-components/infrastructure-scripts,4
621,stephtr/cms-git-gateway,4
622,silversoftdev/Geeks-eShop,4
623,ares524/dailyplannerFE,4
624,julianyeo/Nuxt-for-shopify-lion,4
625,nibbleshift/gorb,4
626,CrazyDream000/Stake_Project,4
627,SeamMoney/seam-frontend,4
628,kingstar1115/fullstack_graphql,4
629,sergeyyarkov/yarkov.tech,4
630,ElectricS01/BetterCompass,4
631,fswizard/aptos-land,4
632,plentymarkets/plentyshop-pwa,4
633,thomas81528262/wolf,4
634,magma/magma-website,4
635,NeilShankar/master-product-upsell,4
636,ananeridev/anabneri.com.br,4
637,nnthanh101/appsync-survey-tool,4
638,reactioncommerce/admin-core,4
639,Aakashdeveloper/edu_react_eveng_23,4
640,UriJaun/HectorDAO,4
641,gitcoinco/id-staking,4
642,hacktivist123/sheddy-xyz,4
643,deliteser112/react-meteor-scheduler,4
644,cisagov/getgov-home,4
645,malgamves/firebase2graphql-demo,4
646,aimhubio/aimstack.io,4
647,Andryuha-Nikolaev/apollo-graphql-todo,4
648,roosephu/dollast,4
649,orangeloops/public-phoenix-app,4
650,Kichiyaki/gqlgen-nextjs-postgres-starter,4
651,MatanBobi/Matan.io-old,4
652,eventzimmer/site,4
653,abhijith365/tracks-Django-project,4
654,kkemple/RNGraphQLNYC,4
655,hansjhoffman/react-native,4
656,Undeadlol1/boilerplate,4
657,lascuolaopensource/join-vue,4
658,TopDeveloper705/graphql-wordpress,4
659,livejam/website-old,4
660,Colm3na/polkastats-subsocial,4
661,hugotox/AppStarter,4
662,marcolarosa/pdsc-collection-viewer,4
663,BuidlGuidl/signatorio,4
664,getflywheel/local-addon-broken-link-checker,4
665,CristianHourcade/rick-and-morthy,4
666,safient/safient-core,4
667,pikokr/uniquebots,4
668,stack-guru/fullstack-graphql,4
669,0xPASTE/apewallet,4
670,thelotusgg/babylon,4
671,ACY-Labs/acy-dex-interface,4
672,chaingraph/chaingraph-cli,4
673,bitethecode/blog-template,4
674,Code-For-Chicago/code-for-chicago-gatsby,4
675,auth0/auth0-react-sketchapp,4
676,billymosis/my-blog,4
677,briltec/Python_Materials,4
678,Akord-com/akord-js-tutorial,4
679,maastrichtlawtech/case-explorer-ui,4
680,21orangehat/upool-listagem,4
681,Akord-com/akord-cli,4
682,CharmingDev777/shopipoints.com-custom-app-main,4
683,CharmingDev777/nextjs-shopify-app-main,4
684,gstech0322/Wooberly-Admin,4
685,tDev0809/trisolaris-interface,4
686,imperviousai/imp-extension,4
687,ja88a/bounty-granter-eth,4
688,interfacerproject/interfacer-gui,4
689,FairyFromAlfeya/ever-solidity-utils,4
690,Makermed/CleanAirMap,4
691,F-OBrien/polymesh-staking-app,4
692,eshinkawa/nubank,4
693,WHAHA-HA/Nuxt-Graphql-Brock,4
694,Akord-com/vault-template,4
695,ssteiger/nft-hierarchy-membership-dao,4
696,unbanksytv/gasless-nft-drop,4
697,scotthansonde/papascott-gatsby,4
698,AbbyLuHui/zk-auction,4
699,Contrax-co/contrax-web,4
700,AdamsFlorisbal/Desafio-semi-final-Hiring-Coders-3,4
701,sudopla/react-cognito-appsync,4
702,CrispenGari/node-startup,4
703,SbstnErhrdt/labeling,4
704,Project-Gutenberg/program-think,4
705,oveddan/webway_metaverse,4
706,umee-network/umee.cc,4
707,starcoinorg/starcoin-dao-frontend,4
708,webgalaxy315/polkabridge-dex,4
709,AdvaitaHealth/ADVAITA,4
710,ssteiger/the-dao-hack-simulation,4
711,finite-loop/finiteloop,4
712,farque65/Scaffold-eth-gitcoin-passport,4
713,0x-buidl/shopify-app-boilerplate,4
714,frasermcc9/sprint,4
715,jdiebold/foundst-rs,4
716,Moses-Ian/letters,4
717,cronosphantom/master-console,4
718,Programming-School-Pro-Coding/developer-portfolio,4
719,boulaffasae/sturdy-potato,4
720,sheriff-rango/nft-marketplace-practice,4
721,aroralanuk/semicolon-finance,4
722,openknowledgebe/website,4
723,zYxDevs/developerFolio,4
724,jb0xx/stable-supply,4
725,moriyadetteiu/clapton,4
726,DripMicro/Apollo-GrapQL-Mevn,4
727,broxus/octusbridge-contracts,4
728,miickel/ultimate-machine-web,4
729,andrewsmike/jasmine,4
730,Joatin/shelfdb,4
731,ryshu/vue-jsonpath-picker,4
732,deep-foundation/boilerplate,4
733,geprog/boydee,4
734,ConsenSys/infura-proxy-service,4
735,letteldream/Fastswap_launchspot,4
736,ysantalla/gespro,4
737,artdgn/dfk-interact,4
738,scaffold-eth/scaffold-eth-expo,4
739,amplication/react-todos,4
740,DevSCNinja/olympus-frontend,4
741,Dr-Tentaculus/dr-tentaculus.github.io,4
742,god-of-js/match-co,4
743,KyberNetwork/promm-analytics,4
744,vtex-apps/emag-integration,4
745,dimitardanailov/ddanailov,4
746,a-dera/blog,4
747,chaingraph/chaingraph.io,4
748,simonsisay/portfolio-site,4
749,Archive-42/a-whole-bunch-o-gatsby-templates,4
750,preetsuthar17/preetsuthar.me,4
751,hippware/rn-chat,4
752,widdix/aws-cutting-edge-appsync,4
753,impactMarket/backend,4
754,wai-lin/forma-js,4
755,dev-tom-0108/XERXES-DAO,4
756,mirror-media/mirror-media-nuxt,4
757,itswadesh/misiki-delivery-rest,3
758,itswadesh/misiki-chef-rest,3
759,itswadesh/reloaded,3
760,ruikishimoto/react-projectbar,3
761,mlajkim/wordy,3
762,MX56893/master-portfolio,3
763,timicienio/farm-by-RDOGS,3
764,blavenie/ionic4-starter-app,3
765,Group1Project3/Recall-Rumble,3
766,Umoren/Vue-auth,3
767,JamisonBunge/GetJoeCoffee,3
768,circlesland/o-platform,3
769,starman1121/cyberverse-presale,3
770,3x071c/lsg-musin,3
771,hfccr/rm3,3
772,lingeorge88/Poke_Trader,3
773,v08nike/ESL-Learning-Center,3
774,libero/reviewer-client,3
775,bitabs/fullstack-course,3
776,carletex/juicebox-hackathon-1,3
777,competitivebidding/frontend,3
778,Dr169/Air-condition,3
779,yusefnapora/self-serve-mint,3
780,johncoffeeocean/with-nextjs-graphql-mongodb,3
781,Ninjas-Code-official/enatega-singlevendor-admin,3
782,top-comengineer/React-Native-tutorial,3
783,CheckmarkDev/checkmark,3
784,seandearnaley/seandearnaley.com,3
785,wabarringer/Friends-In-Check-FRONT,3
786,icodejsx/blog,3
787,RichardBaier/dundrag,3
788,jaohara/easily-poll-students,3
789,devking877/scafMaster,3
790,devking877/ethermas,3
791,blockchain-family/nft-marketplace-contracts,3
792,nizar787/mircroservice-app-front-back-build-deploy-docker,3
793,OlekSytn/Stake,3
794,OlekSytn/newScaffold,3
795,thisdot/lets-chat-with,3
796,JohnToro-CZAF/MedSum,3
797,djaodjin/djaopsp,3
798,neat-soft/next.js,3
799,neat-soft/vue-express-mongo-boilerplate,3
800,neat-soft/vuexpresso,3
801,byronwade/byronwade.com,3
802,deep-foundation/npm-packager,3
803,mPooja-15/graphql-api-backend,3
804,gurujustin/sda-frontend,3
805,superdevblock/HectorDAO,3
806,superdevblock/SpaceStake,3
807,SIH-20/KisanSeva-SmartIndiaHackathon,3
808,SharanGoharKhan/enatega-singlevendor-rider,3
809,SharanGoharKhan/enatega-singlevendor-app,3
810,code-store-platform/cli,3
811,VPCU/reader,3
812,qlawmarq/nuxt-hasura-auth0,3
813,daisyle0203/UPIN,3
814,til2to/ecommerce,3
815,starman1121/IceDao,3
816,scottrepreneur/og-rh,3
817,noahgeren/ClearData,3
818,myshine112/react-admin-with-material-ui-next,3
819,rsmile310/meteor-react-node-mongo-starterkit,3
820,ZacxDev/graphql-microservice-boilerplate,3
821,sablier-labs/legacy-uis,3
822,florinpop17/300,3
823,Marikita1007/prestashop_youtube,3
824,ishwarrimal/wishgee-blog-public,3
825,P2PHackClub/2019-website,3
826,WojciechMatuszewski/testing-serverless-architectures,3
827,JulienDemarque/JAMstack-hackathon-video-audio-matcher,3
828,vctormb/react-todolist-apollo-prisma,3
829,PabloSzx/Next-Now-Apollo-TypeGraphQL-TypeORM-Passport,3
830,alexanbj/reason-reg,3
831,MitchTalmadge/CometCrate,3
832,hjylewis/website,3
833,Assembly-WebCrew/contentful-web,3
834,Shawoll/GraphQLServerNode,3
835,shuigedeng/taotao-cloud-ui,3
836,schacon/teddy-tv-web,3
837,endeavorb2b/websites,3
838,vctormb/apollo-shopping-cart-caching,3
839,gideonotieno/gideonotieno.github.io,3
840,vuestorefront-community/virto-commerce,3
841,systek/graphql-workshop,3
842,vtex-apps/pharma-orders-admin,3
843,BuidlGuidl/multisig.lol,3
844,HackYourFutureBelgium/hackyourfuture.be,3
845,AlexCheema/auto-tx,3
846,voxoco/website,3
847,codpen/react_firebase_cms,3
848,hansololai/graphql_form,3
849,broxus/flatqube-dao-contracts,3
850,Duluth-MakerSpace/duluth-makerspace.github.io,3
851,TongHuaLabs/tonghuaholding-website,3
852,riggedCoinflip/lol-friendfinder,3
853,KaiSpencer/shopify-standalone-app-nextjs,3
854,oktadev/okta-graphql-angular-example,3
855,Shopify/react-apollo,3
856,lucae4238/getVapp,3
857,lqij/road-to-web3-06,3
858,topbrightdev/ecommerce-microservice-nest-api,3
859,WhyThat/mask-manager,3
860,mr-perseus/permaculture,3
861,VenomProtocol/frontend,3
862,easonnong/nft-marketplace,3
863,vtex-apps/old-orders,3
864,aarsla/super.ba,3
865,cryptexfinance/website,3
866,mrtrimble/astro-netlify-cms-starter,3
867,BitBagCommerce/SyliusVueStorefront2Frontend,3
868,Talent-DAO/JoDW-Demo,3
869,iamajoe/code-examples,3
870,nervosnetwork/muta-devops,3
871,byjay/byjay.github.io,3
872,tmax-cloud/console,3
873,likecoin/about-like-co,3
874,start2022Q1/road-to-web3-06,3
875,edmcouncil/html-pages,3
876,deusfinance/deus-statistics,3
877,willsoto/vue-pickr,3
878,malaika22/developerFolio,3
879,getwax/bls-single-pool-dex,3
880,sincerely91/angular-github-demo,3
881,uselagoon/lagoon-ui,3
882,Mironshoh1603/GraphQlBooks,3
883,telosnetwork/MyEtherWallet,3
884,Seth-McKilla/nfty-links,3
885,yuuu/iot_dashboard_aws_amplify_book_site,3
886,EvgenyWas/online-shop,3
887,wchfs/trip-poc-dapp,3
888,JohnMichael746/shopify-nextjs,3
889,agilesix/AgileSix.com,3
890,ssoad/MyFolio,3
891,nfthashi/monorepo,3
892,thorchain/thorchain-explorer-v2,3
893,landaxr/waypoint,3
894,alaurai/hiring-coders-projeto-fase3-dreamscape3,3
895,meanttobe25/react-elegant-task-manager,3
896,uxname/soul-bound-token-contracts,3
897,Swolify/swolify-fe,3
898,abridged/web-wallet-frame-sdk,3
899,opensoars/ytmp3dl-web,3
900,CertifiedDeveloper/Microservices-GrowLabs-master,3
901,rabbit0707/cryptozombie,3
902,Gonzos-Greenery/BoBo,3
903,darkhorsedev0716/fullstack-airbnb,3
904,0xF16/nft-swapper,3
905,FunPinPin-support/app-template-node,3
906,katmh/weareamericaproject,3
907,mattpatterson94/gatsby-starter-infinite,3
908,bluesky0209/xdefi-wallet-integration,3
909,jasonkang14/jasonkang14.github.io,3
910,carlosdevpereira/modern-hub,3
911,COS301-SE-2022/PaWdopt,3
912,ottercreektourism/kernel,3
913,natereinhardt/Celestial-Freight-Train-Calc,3
914,AlbertoVictorRebello/hiringCoders2022,3
915,gabrielcaiana/receitas-online,3
916,Draichi/draichiboard,3
917,platformsh/fwp-prestashop,3
918,JulianGaibler/archive,3
919,carlbarrdahl/web3-identity,3
920,kits-ab/kits,3
921,Enubia/buystuff4.me,3
922,cryptosguru/everest,3
923,GSA/datagov-11ty,3
924,ymkmoon/toyseven-react,3
925,Shin-sibainu/nextjs-food-delivery-frontend,3
926,rwietter/rwietter.xyz,3
927,metin1/bikersCamp,3
928,EarlGeorge/React-Gatsby,3
929,carlaprv/carla-portfolio-gatsby,3
930,holochain/RAD-Tools-Phase-2-redux,3
931,ngocphucnguyen256/news-cms-frontend,3
932,Dae314/AFKBuilder,3
933,ZicklePop/melkat-blog,3
934,ShwetKhatri2001/Shwet-Portfolio,3
935,itgoldio/everscale-tip-samples,3
936,jgarner828/TheKitchenSync,3
937,churrinfunflais/store-component-template,3
938,FrontPhoenix/phoenix-finance,3
939,NigarumOvum/devops,3
940,vtex-apps/fedex-shipping,3
941,actonmass/actonmass.org,3
942,starman1121/PaladinsDao,3
943,FrontPhoenix/graphql-sample,3
944,starman1121/pegmaker_vault_api,3
945,steve-ux/cryptofy,3
946,helenfurtner/trustPixel,3
947,cbonoz/chainlink21,3
948,broxus/ton-eth-bridge-contracts,3
949,cornell-dti/nova.cornelldti.org,3
950,lazzy07/material_designer_complete,3
951,seasons/harvest,3
952,sicongzhao/LFGrow-ML,3
953,greatUzumaki/Vue-GraphQL,3
954,stevyhacker/token-locker-web,3
955,ysantalla/gondolin,3
956,bobbae/examples-2021,3
957,zachariahtimothy/with-cerebral-and-apollo-auth,3
958,nicolad/graphql-mongodb-angular,3
959,oneclickdapp/swordy-bot,3
960,captaindav/vue-outline,3
961,ggeils/Pest-Control,3
962,wcastellan/talkie-box,3
963,louwie17/local-addon-symlinks,3
964,perspect3vism/ad4min,3
965,hesbon-osoro/repository-search,3
966,iaurg/segredo.dev,3
967,JimmyRowland/team_sporty,3
968,TylerFisher/blog,3
969,ericlewis966/lending-pool,3
970,plutoinc/pluto-declaration,3
971,shinesanthosh/graphql-engine,3
972,shinesanthosh/gatsby-starter-netlify-cms,3
973,maryamrmz/shopping,3
974,wuxiaobai24/aa-gatsby-blog,3
975,it-efrem/Apollo-Angular,3
976,xhenos/tachiyomi-website,3
977,ninja-1337/Personal-Blog,3
978,Aakashdeveloper/edu_feb_React_22,3
979,Nemanja02/Lobbia,3
980,hc-institute-japan/Kizuna-Redux,3
981,CaioSilveiraTelles/developerFolio,3
982,broxus/ton-eth-bridge-credit-processor,3
983,jeremyBanks/speedruns,3
984,bgoonz/blog-2.o-versions,3
985,Archive-42/gatsby-netlify-cms-norwex,3
986,ubiq/pyrus,3
987,mtvu/nb-resource1,3
988,mcljs/mision-arbol,3
989,vtex-apps/admin-ab-tester,3
990,yoshiki-0428/engineer-blog,3
991,peteruche21/web3chatservice,3
992,eoscostarica/MyvoteEOS-proxy,3
993,BOTDeFi/botdex-frontend,3
994,reactioncommerce/micro-frontend-admin,3
995,withtally/chrome-extension,3
996,marius-jopen/sveltekit-prismic-theme,3
997,jackpeplinski/aperta-accessum,3
998,RhythmicExcellence/rhythmicexcellence.london,3
999,openlawnz/openlawnz-website,3
